"","S1.1","S1.2","S1.3","S1.4","S1.5","S1.6","S1.7","S1.8","S1.9","S1.10","S1.11","S1.12","S1.13","S1.14","S1.15","S1.16","S1.17","S1.18","S2.1","S2.2","S2.3","S2.4","S2.5","S2.6","S2.7","S2.8","S2.9","S2.10","S2.11","S2.12","S2.13","S2.14","S2.15","S2.16","S2.17","S2.18","S3.1","S3.2","S3.3","S3.4","S3.5","S3.6","S3.7","S3.8","S3.9","S3.10","S3.11","S3.12","S3.13","S3.14","S3.15","S3.16","S3.17","S3.18","S4.1","S4.2","S4.3","S4.4","S4.5","S4.6","S4.7","S4.8","S4.9","S4.10","S4.11","S4.12","S4.13","S4.14","S4.15","S4.16","S4.17","S4.18","S5.1","S5.2","S5.3","S5.4","S5.5","S5.6","S5.7","S5.8","S5.9","S5.10","S5.11","S5.12","S5.13","S5.14","S5.15","S5.16","S5.17","S5.18"
"1",193.642155,288.1894326,283.9828301,276.6050442,361.2762659,373.7024174,353.3484797,399.7704372,398.4671005,369.5570105,402.6403348,408.8371578,326.7132712,395.5358623,396.1098772,340.202631,369.5061073,400.7930343,3.702036857,37.63347746,69.11101202,52.66908738,108.1433669,130.8363005,46.43701066,137.1586161,143.3438015,150.7601581,131.3428386,181.1483479,137.6600511,149.2079714,188.2668315,127.3414209,161.6482384,178.5802074,64.70534269,50.39558199,83.45010291,102.8877421,112.0085541,148.9897618,135.9819625,99.66879896,139.4269659,119.6083431,102.5675139,104.3817378,150.691668,108.0980947,110.8929135,157.0668651,107.7670751,114.213512,45.50460341,55.12227459,13.4527554,72.07136451,81.21085942,38.14766302,95.91845531,81.24411391,29.12746877,92.16641649,101.5121249,76.35998729,81.77694312,99.76299568,82.00856348,92.1317191,89.53466632,62.98553657,19.53523405,40.40417203,72.39737663,87.94137582,112.2552257,116.9678751,115.3140743,101.0803691,85.79614351,10.83805103,8.387403252,48.32358495,24.83774658,85.29427881,50.61431437,95.03075318,61.03403319,67.54731304
"2",209.2175926,310.9389366,300.9623477,298.6994473,361.0423535,372.2210764,372.3429889,397.0284476,393.2149731,386.3615183,400.4299895,407.6135299,339.3718431,394.9097123,395.753964,361.2127772,365.1614796,402.6262549,18.23864623,53.40837461,86.5331871,60.40334452,112.4810335,136.8749282,48.42500116,142.9314848,149.4315017,155.9783087,134.5715081,188.0580278,143.3077979,154.7328831,196.5198126,134.3273224,171.7158171,187.7215435,77.01765906,64.514067,96.5238089,106.5215793,115.2812513,157.5600419,141.4074331,102.2877153,142.1885169,127.5739277,108.1659595,109.8208163,159.3652363,115.5951002,119.4310756,170.6337383,117.3783255,122.3379938,59.0007219,70.84912592,29.68600906,69.6581092,81.0670701,46.58648491,97.21023381,82.4259007,35.04492648,98.33877254,104.5768228,83.67094191,86.85808125,105.6490524,88.92337721,99.79365345,93.46262821,74.49744073,32.83794921,53.21744682,84.17351925,101.8603106,124.1598107,134.2351934,129.927156,112.5309035,95.35368286,34.13649822,22.87497158,62.67421897,41.77349645,102.6278163,68.1906405,116.8865494,73.55518743,80.36516549
"3",221.9135635,327.6994984,315.9168102,306.677049,363.2886445,373.7412622,376.1789982,400.7209905,392.1081587,388.9155361,400.1100491,406.8242414,342.1059853,395.1868551,394.6100804,364.6836121,365.8005013,403.2684356,26.83555916,63.03960208,98.0059805,63.0041985,114.6616284,138.2330413,49.01905675,147.3008523,153.1329261,158.3207748,136.1291875,188.0384571,143.5967874,155.3020313,197.2371426,136.2521329,172.5700904,188.8404019,86.53270339,75.13654133,104.7902582,108.3785311,116.9365087,159.556268,144.2809117,105.1938335,142.6793004,127.7723234,108.4447779,111.417015,161.3407192,116.3773414,120.7586084,171.5130893,118.5736339,123.8926705,66.8072475,80.44724262,40.55880418,68.96250792,81.59941458,48.31536794,97.70457728,83.03194112,36.83599114,101.0382605,104.5946018,84.13311481,87.18629039,108.4371841,89.89080094,101.0620289,93.88207798,74.52332578,34.73222816,55.96884876,84.93271417,105.2964615,126.4274846,136.396786,131.9959707,113.9074435,97.00049356,39.7984758,25.3850791,64.18178292,43.59264944,104.5184426,71.42174698,118.9509915,75.6781664,82.24990502
"4",233.8279017,334.9692735,326.7715882,308.6307684,363.0254548,373.5868373,375.3654031,399.8345932,393.0502076,390.8587204,399.9505175,406.9552557,344.1861632,395.1850275,395.7354375,364.8372429,365.8092193,403.7589918,32.6030239,68.94051051,104.5253026,65.51459303,115.6459817,140.9737302,51.03406988,147.9666993,154.0398748,161.2378586,135.7968518,186.7195751,143.6078401,157.1207053,197.7266698,136.1499002,173.6279621,189.5699345,93.2108094,81.05248942,112.0226076,109.9797842,116.7569475,160.2775312,143.3537537,105.5894162,143.2955668,128.7338212,108.6068769,112.7253535,160.8708743,116.1242669,121.495738,173.7934452,120.5232255,124.9573531,68.76534882,86.20556221,45.89905679,69.07084054,80.93341419,49.12538079,97.62727325,82.5015483,37.51706204,102.7453147,104.8213927,83.82738256,86.56405806,108.0074623,89.10309895,101.7059555,93.38940381,73.92071559,35.34236745,57.209012,86.24125188,106.7858642,126.7673454,138.5439927,133.2644048,113.8713292,97.81307426,42.62844693,27.678536,65.76928733,45.70105535,105.5009788,72.56292321,121.1746632,78.15494031,84.16709488
"5",243.153433,344.5236292,335.1149314,309.3291108,363.5235433,374.0544065,375.8960043,400.4992234,391.374968,390.2907862,399.1396009,407.5798784,360.6974541,396.333216,395.6770147,365.9417982,366.7865164,403.5889042,38.43572245,75.95225787,112.500028,67.07132535,117.5832435,142.8094304,51.76180709,149.867011,154.7023501,160.3059623,135.6053801,186.7371446,143.6889116,157.1798979,199.4904538,136.9539442,174.556072,189.3664354,98.13066484,87.58864067,115.8779066,110.7065521,118.2550238,161.8549494,145.2695825,106.2301056,143.0754821,129.8717319,109.0862459,113.6297053,160.3957446,116.7410187,121.9838313,174.0664016,119.745722,126.1669711,74.08996841,89.92770304,51.04171298,68.56857679,80.540669,48.97406285,97.54602674,82.55709849,36.66209225,103.3531806,104.4132789,83.03340481,85.4263561,109.0713896,89.81191833,102.038112,92.68627085,74.86215052,36.39316509,59.36161498,86.49839052,107.7943091,127.6145303,139.9903477,135.292293,116.3850449,98.79045385,45.41497542,28.28604711,66.37817749,47.02829295,106.3104488,73.95055561,122.1119937,78.83337302,85.48485044
"6",245.9008323,352.8669478,341.1391957,311.0463331,365.4918465,374.3847254,376.9486176,402.6564966,394.5146887,393.3029847,402.0204041,408.1785488,364.2846323,396.7126544,396.892665,366.5260507,367.2598557,406.2551335,39.6260205,79.18696979,116.2661048,68.3752703,119.028904,144.3989423,52.9268905,151.6337632,156.4017955,165.2103263,137.2423918,187.3128659,145.4231028,158.5329111,199.2386333,137.7063061,176.1943387,189.8720203,102.6637554,90.46114917,120.1463499,112.043842,119.5954612,163.0630353,145.0649426,107.9184811,144.3443888,130.0537162,109.2139194,116.2290679,161.8627641,116.7074452,123.3536126,175.1188431,121.3117318,127.1167121,77.44054455,94.21762688,55.29889127,68.69765631,80.92432841,49.85931458,98.79728327,82.45926235,37.10232759,105.5376491,104.7234919,83.16819216,85.77238968,109.209268,89.637757,102.396541,93.65931045,75.80490341,36.52396063,59.5124913,89.01670667,108.8661143,127.7638493,141.1845241,135.1959284,117.4698048,99.66784293,47.27768289,30.01901372,68.67180155,48.27166878,108.6323899,75.83478533,123.8266236,79.42928245,86.36102794
"7",251.7054436,364.8498555,345.1915,310.1808496,365.9474398,376.221571,378.2977365,401.5830594,394.6462828,391.9753692,403.2650946,408.6287952,362.2007936,396.9798682,397.7358401,368.6360395,367.6435367,406.2792032,44.64641386,82.46249611,119.5642446,67.90396034,119.7224769,146.2741328,55.08246339,153.1105071,157.1757723,166.1947874,136.1426632,185.1371659,146.1720125,159.078266,199.3176143,138.3784211,175.7958178,191.0784519,106.2319645,94.90772642,124.118338,113.4981625,120.9767775,165.0077135,146.1120625,108.7189897,144.9021212,131.1086502,109.7327697,117.2260019,162.6704591,117.9968519,124.2230453,175.7788032,120.9722575,126.7095799,81.74531889,98.24147799,59.60296518,69.75679304,80.41141944,49.68015588,98.80899532,83.16900348,38.15924429,105.8956873,104.9411357,84.51321709,86.36190876,110.3711883,89.88532457,103.3411792,94.05195693,74.93246956,37.1296232,60.55533582,89.38409754,110.6751496,129.0145217,142.0931777,136.6615068,117.6606878,99.80885642,48.12222786,31.04322838,69.34020959,49.43065707,109.4393501,77.21973826,125.7099497,80.75590813,87.7318676
"8",253.5101243,366.3120543,347.9412227,311.4971906,365.3344393,376.3698628,378.5188546,403.232293,396.0295633,393.6301589,403.7448273,409.1117951,362.6994097,397.299816,398.90369,369.4329037,367.4150283,407.9108902,46.57148232,83.6234022,123.718884,70.32269524,120.4425702,146.3704635,54.74306563,153.8746772,158.1654561,167.0198891,135.0750511,182.4939614,146.0368532,160.0162672,199.5776555,139.4354827,177.7372684,193.8725075,108.276096,96.14969499,127.5625662,114.1164017,121.3882055,165.97789,146.2671883,110.4340435,145.4029535,133.3818915,110.5277632,118.2031022,162.9367202,118.1251288,124.2927471,176.822218,122.9560452,128.9012742,83.47501272,100.2674404,62.53355821,69.08900672,81.69387725,50.76043722,98.90033902,83.84416052,38.29650584,107.2211397,104.8840602,84.34018664,87.43905936,110.3767343,90.32819303,103.7883891,94.5233966,76.23069424,37.43806604,61.36878991,89.3459434,111.5933031,130.1476209,143.1688481,137.3176082,117.4938252,100.7317911,49.62368889,31.50259098,70.13172332,50.15285547,110.3764715,78.29974078,127.3104336,81.64731658,88.01926507
"9",260.7267422,369.3708732,354.7718547,310.6638621,365.4904795,376.6026694,378.1866394,401.8316636,394.6550195,391.9798853,403.5592701,407.0986383,362.5174511,397.1710294,397.276667,369.3759647,366.1898301,407.4477335,46.3072836,87.08750437,127.5399466,70.10569026,119.7236514,147.4951447,54.2443972,154.12449,157.4832605,166.7410604,132.5233902,182.2207272,146.6003775,159.3850087,201.0354913,139.0738325,178.1860276,192.1204762,110.2509521,97.78700913,128.6969501,115.1004651,121.8998969,166.8650543,147.1850917,110.7960893,145.5067411,133.5230072,110.9143255,118.6849757,162.7139627,118.1656221,125.2754063,176.8327401,122.7518096,128.9620465,86.60345226,103.382131,64.81171211,69.45394033,81.5533715,51.21178648,99.52565199,83.83116953,38.28837284,106.630979,104.7219858,84.26539458,86.80339543,111.0087668,90.85486247,103.9960655,94.48901375,75.50281323,38.33143184,63.08171905,90.78910884,113.4723431,129.7305233,144.1990356,138.1675011,118.3968859,101.21561,49.86018568,32.06009242,70.08584117,50.75826586,110.7826207,78.89791825,128.4629721,82.38549569,89.06056365
"10",258.2353411,376.3033375,355.8511647,311.6974837,366.9686018,376.1052153,379.034901,402.9514772,395.0255827,394.2971798,404.2410135,408.7871661,362.6976678,398.1640994,398.3616948,370.4256607,366.7315636,407.3954543,48.83286075,89.61787383,128.7983355,72.3743533,120.9489408,148.5934345,54.88135754,154.6662748,158.7888725,168.1834624,132.841997,179.4168209,146.6203707,159.6527906,201.1251472,140.359299,178.4925269,192.7232263,112.5567871,101.1408473,130.8207886,117.0980278,123.1965512,167.25947,147.4949184,111.3638909,147.1358605,134.00954,111.6409655,119.8672512,163.4728792,119.2474859,124.9965342,178.4724512,123.4592166,130.2308448,87.97334908,104.0359131,67.11186681,69.90506705,82.36915263,51.48196565,100.8146071,84.69939783,39.0759694,109.2629608,106.6128422,86.3820155,87.37681371,111.7552025,91.01966615,104.8692102,95.42647761,76.42257231,38.79143742,77.89558901,91.29453615,113.9266772,131.5062832,145.2720549,139.0784675,119.1761872,102.0447041,50.1869138,33.52283599,71.74348745,51.92037646,111.6629659,79.72366517,128.8574556,83.78004391,90.46588087
"11",261.5050866,377.1325943,358.3210359,311.5166184,368.4485599,375.8661763,379.433382,403.1140798,396.5174991,395.474885,404.8147352,410.0758568,363.0482002,398.7467947,400.0606216,371.6469076,366.99354,409.4496168,50.52194336,91.33982459,131.4484654,72.65331923,121.354422,149.6564547,55.00994867,155.8118294,159.5973338,167.8674,138.3106442,177.5138861,147.135037,160.1771611,201.0843615,140.3217283,179.553541,193.9297611,115.4412051,102.2349862,133.8362019,116.5472275,123.8396116,168.3054736,147.3253084,111.3529769,147.2194786,134.4415794,112.2689869,120.5795324,164.4418424,119.6970327,126.7076018,179.0508946,123.2304569,130.998625,90.41552576,106.4978789,70.27377173,70.10713044,82.39284388,52.58981906,100.7716917,85.45277197,39.49770762,108.6782704,106.3265945,85.86203393,88.57382234,111.770731,91.21219579,106.2187417,95.86931712,77.15789373,39.28903764,79.31781127,92.63385682,116.6199001,132.6931971,146.8123118,140.4196974,120.5615935,103.8109425,51.42396735,33.79315352,72.04254522,53.90821038,113.1707739,80.39305029,132.3927918,85.0702518,91.11959055
"12",265.9691041,385.496873,363.4567191,312.1750642,368.1302292,378.3582168,379.0061886,402.6970846,397.1185196,395.9179534,405.3170034,410.918951,363.1258356,400.8392435,400.0412352,371.873583,366.3983043,410.3605229,52.18406664,92.98408247,133.5004881,74.39809539,121.7102411,148.4052005,56.06742373,156.1552669,160.0346112,169.0910384,157.6789392,172.909199,147.6241892,160.5477328,202.3800361,141.5529279,181.2149078,194.4515028,115.4461602,104.5914011,135.3902419,116.4897745,123.3860718,168.9280262,147.681595,112.189908,147.4375686,133.2022739,112.2194858,120.8542933,163.224648,119.8610366,127.7509953,180.5968781,124.373897,132.1486268,91.61361189,108.2603901,74.10580825,69.71868636,83.18830262,52.93911963,100.7189772,84.97383655,39.66401514,109.4950939,107.250038,86.83445045,88.33105968,112.1177211,91.96250722,106.3862882,95.96435856,76.96439883,38.97106721,80.79138579,94.15300545,117.2541879,133.1929215,147.0415755,139.9438691,121.509712,103.2136078,52.22529315,34.49938317,73.63444534,54.60720378,113.6488824,82.59657873,133.6438878,86.13145435,91.71962239
"13",268.3235801,384.2256204,364.1523902,313.7936379,368.2522388,379.3982088,380.1437085,405.0039957,397.5437737,396.5240203,406.6693135,410.9690187,364.2736202,400.2777892,401.4243184,371.5852397,365.5963587,410.5990755,54.68564246,94.8782891,135.1694024,74.13724487,124.3743626,150.7844292,57.13215024,156.479953,160.5742651,169.6968751,159.8884246,170.2022941,148.1484793,161.4854411,202.9421677,142.3957531,180.8715986,193.7597206,117.2004468,106.1147092,135.9890347,116.669994,124.4443251,170.8463803,148.0670767,112.1866557,149.7814206,134.4266988,111.4753709,121.2202143,163.9988528,119.4328629,127.6753741,180.1605575,124.7212774,132.6710691,91.79824357,108.0502799,74.5634711,70.51814083,82.315637,52.16915999,101.14152,85.3490047,39.94945401,109.8471716,106.9652765,86.8883699,87.82258945,113.0321401,91.48093065,105.6707401,95.5426126,76.11405842,39.60245082,82.29637877,93.44777897,117.5120576,133.2255981,146.7644926,141.5314777,120.8081213,104.4598231,51.77474157,36.06654905,74.14956255,54.16222403,114.5843464,83.14599447,133.6349759,86.16515475,92.25438403
"14",273.03419,387.7134678,365.5106935,314.2742791,370.2663949,379.5152745,382.3815625,405.9696937,399.3068115,398.6986327,408.5762456,411.9328136,365.4067171,403.3714657,402.5669115,373.151314,367.0506716,411.8801995,54.61577966,97.44869115,137.3705845,74.24942465,125.7479861,152.7153392,57.00380133,157.4758186,161.0727575,169.6753632,161.5976094,167.420171,148.1696074,161.2791735,203.3184834,142.1735463,180.6055452,195.0625528,118.5666655,107.3038147,138.3969718,117.506349,124.7912858,171.0518047,148.0705077,112.5509926,150.8274305,134.8865612,112.0021539,122.2780889,164.3359948,120.5795408,128.063582,181.1852418,124.8325838,131.7980062,93.16954296,111.4886049,75.89751804,70.69670534,82.67426509,52.79113974,101.9548731,85.28555335,39.76305077,110.7221028,106.6652861,87.10247121,89.28269624,113.1452251,92.01413023,106.6162167,96.2439159,76.78900741,39.53195076,81.36037299,93.46085006,118.2453199,133.3998803,147.7273743,141.1251517,121.8808285,104.2281549,53.21064038,35.48474976,74.35982542,54.31309369,114.5980786,82.99245995,135.2803572,86.52155441,92.18652123
"15",274.9183154,390.0468348,372.0730705,315.8264821,371.8222647,379.7878699,384.095483,407.6257183,399.4801183,399.8365862,409.8899428,413.5083655,365.4896119,403.0949483,402.2714132,375.7116394,367.5779661,413.0518234,53.17152942,98.67349074,137.2103694,75.26257971,124.5766173,151.6860702,55.78541059,157.0853394,160.586974,170.8325222,161.3769166,165.9029554,148.1976307,160.9854169,202.0997389,142.5343623,180.9597053,194.8567128,119.7484194,107.2248285,137.013833,117.5513032,124.1681412,169.5871458,147.6098422,112.1628805,149.6897061,133.2321341,111.9012859,122.5351317,164.1247765,119.1506668,127.9484054,181.4811956,125.0553956,133.0033737,92.31330957,110.8191542,76.95242306,70.21410016,82.95211043,52.35988536,100.7679204,84.90710501,39.86662665,110.3773112,107.414335,86.52822928,88.03821042,112.8798992,91.1688293,106.3380248,95.78873001,76.79240977,39.75542047,82.18670681,93.8067693,117.9334622,133.9387672,147.5414531,139.2870123,121.3381909,104.0724898,53.24226488,35.70252942,75.42541621,55.31125734,114.1612987,84.05544505,135.8706596,87.16944113,93.12669025
"16",281.7957927,397.8518752,375.3767529,320.7978695,377.5792284,387.3160406,389.6182579,412.9693897,406.124469,405.9324223,415.9142357,419.2584773,371.6835296,407.9160305,408.6984071,381.5096208,372.2190776,418.6570956,58.92912992,100.1622682,139.9899008,76.97318803,127.4244081,154.7222832,57.99084181,159.747722,163.4099793,171.6786072,162.9523805,163.7979432,149.2128054,162.3685231,204.0771463,143.7596224,183.4764492,196.9783469,120.9768914,108.8600203,138.9490232,117.7840982,125.4578863,171.6154423,148.413323,112.4717963,150.5289125,135.0032763,111.6965378,122.966297,164.5468286,119.8362652,128.6586927,181.3757203,125.5714721,134.233846,93.50401766,111.2203294,78.31925374,70.90437528,83.15858696,53.34740188,101.7278629,86.02274083,41.26194922,111.1671965,107.3984604,87.96286314,88.35080386,113.3789486,91.74072145,106.8668682,96.49650382,76.59614774,40.503854,83.10628756,94.17206231,119.8958414,134.3305213,148.6644449,141.7861844,122.5600201,104.9134334,53.54205662,35.83954667,75.12360472,55.67622371,115.5975084,84.71880473,136.1750577,87.29053596,93.48771505
"17",291.9236453,406.7125587,391.5047423,332.8745091,393.2029486,401.7837473,403.2190407,429.9603348,424.3181242,422.4580075,431.5849323,435.8022662,388.1509316,424.9907413,423.5507905,395.7751715,385.8492962,433.4153651,63.20927823,105.9301452,143.5931829,80.56367881,131.9981121,158.005922,62.197707,163.1813929,165.8383818,175.9575095,167.709842,164.9262402,153.5915795,166.8780016,208.0150976,147.3174736,187.5049409,202.0476677,123.499451,111.4930393,142.0347928,120.5972919,127.6231997,173.1188788,150.7917319,114.6987478,153.6185662,136.6500771,114.3198988,125.7091335,167.1017633,122.0470312,131.6042914,183.9984867,126.9309241,135.8164741,94.63610664,112.9107798,80.49855584,71.50021655,83.11546906,55.3768301,103.1921801,86.4619112,41.57485024,112.9994429,108.5168003,89.80072626,90.7459709,114.3962257,93.29151602,107.5385606,97.3864273,77.68312767,41.05150713,84.51511111,95.79710717,121.067354,137.0406504,149.5633321,142.2709551,123.7517825,106.7964777,54.8611418,37.50370413,76.7981384,56.21764467,116.0666082,85.65533242,137.6920087,88.72555868,94.71115903
"18",312.8072959,430.7579852,412.7825761,353.8431803,416.4623317,428.4381837,427.9434287,454.0367218,449.6223643,447.1290536,454.5708274,460.7587694,410.3058305,448.3339621,448.3604601,418.7530939,408.3725504,457.2396607,70.77633623,111.6319239,149.9517041,86.29539184,136.6347211,162.3132672,67.16381115,168.4953428,171.237075,181.19437,172.7800646,166.7888145,157.968692,171.0953203,212.8604129,151.006288,191.5507782,205.675117,125.596007,112.0801776,142.026571,120.1196075,128.7752839,174.6949156,151.1889393,115.3945565,153.8425456,137.1536507,115.3485846,126.5244883,167.1028465,122.2922364,131.7605339,184.4561512,128.0326635,135.9901994,95.67195493,113.3281198,81.36032722,71.19055182,83.94529218,54.25997034,102.3998362,86.49344703,40.59776447,112.5144161,108.8834696,88.93346009,89.64061762,113.59934,92.61613884,107.9319007,97.04433294,77.22550234,41.18460428,85.51003899,96.00682924,122.8127833,136.5077409,150.0267915,143.3241066,123.2149701,106.4542219,54.68394955,38.01841902,77.10505643,58.44994698,117.0141612,85.55646683,139.6100077,90.05542754,94.64720089
"19",353.2469229,472.3000949,451.6097313,394.0707753,463.4452443,477.251797,475.4342488,503.2975022,502.8705836,495.3095674,503.3829281,510.5236405,454.0774597,495.0614195,494.1476668,465.8214686,449.5701666,503.1896959,78.21963805,121.1969797,160.5585505,96.25608578,146.7788664,173.0704393,76.78392082,177.256515,179.8382888,190.7307872,182.9959257,170.7201015,168.0233224,179.9264244,221.4156508,159.674158,202.0687669,214.4749393,126.7510391,114.3606966,144.4166231,123.1057642,131.3723658,176.8399317,153.7049784,118.0406582,155.7356013,139.9602969,116.0193997,128.0386916,167.862475,124.3580032,133.1662896,186.3854754,130.5838604,138.2701601,95.94203904,113.6458539,82.47607362,72.02181977,84.01494785,54.27256998,102.735581,86.56805758,41.29273708,113.3734699,109.8940815,89.65887766,90.05282016,114.4584856,93.22068363,108.322312,97.57455523,77.8488617,41.31542558,86.29153552,96.58842954,122.5089232,135.7975044,151.2178149,143.3685221,124.1293429,107.1320658,55.10813061,38.46930327,77.29734109,58.74849758,117.8635267,86.51116207,139.0665605,90.15298274,95.33651797
"20",425.0797087,557.4610867,537.6039247,471.0784595,549.6728946,573.2076109,568.595362,596.7085869,602.8703123,584.4319445,596.5152581,604.537868,540.3426065,584.1059484,584.6825591,555.0395992,534.2281105,591.9834641,95.38253525,140.3512455,178.4686131,114.9170195,166.4875234,191.4879637,96.19172594,194.9253696,199.1228306,209.3828634,200.9735172,186.29259,187.8333995,198.315233,239.8981119,176.0468566,221.0287298,232.9495552,131.90314,118.9091582,147.8742441,127.3601184,134.610076,181.1744308,156.5025174,121.1468511,160.6343926,144.5078711,120.0907494,132.1521415,173.3001917,127.5359845,137.1543416,191.0336433,133.6077441,142.3190619,96.33608908,114.891913,83.48306182,73.01835832,85.01319687,55.17769198,103.8174032,87.2968793,42.78030685,113.9194758,110.5500969,89.94898494,90.30094865,114.638453,94.59689774,108.8553689,97.45288536,78.27408568,41.81735435,87.18787431,97.05807957,122.7250272,136.4704164,151.4349786,143.3374547,124.1861172,107.7651914,55.56886411,38.26281345,77.76526702,58.81052894,117.7767035,86.78612774,141.0579903,90.09497874,96.07950076
"21",558.4097193,712.3436008,685.4761802,611.680111,711.1289973,743.2334116,738.0298002,765.3023957,786.4057024,750.850486,761.410061,774.5291501,695.5837558,744.3276044,744.4284704,714.0013196,684.4965467,750.1728724,128.1865403,173.868778,208.7822364,151.7382298,204.0599774,224.6263027,132.5871572,228.1382537,234.2124707,246.3542489,238.0256173,214.9171345,225.2770529,235.1907996,275.5159327,208.2088477,258.4983487,268.6430865,138.3453749,127.602859,154.9857037,134.9402331,142.4469911,188.4107942,164.1237457,128.8206867,169.4922663,151.6570544,126.8763549,139.4860892,180.6526916,134.2158885,143.8350647,199.3276005,141.3003214,150.6979619,97.80803141,115.4062073,84.23034594,73.39105489,84.50424578,56.5704591,103.4729321,88.43307912,42.74577205,115.1102744,111.3495343,90.51541481,91.64172977,114.8478011,95.38974958,109.674122,98.65514249,79.87740197,42.39947929,88.61936955,97.45953493,123.8922094,137.4273319,151.6248009,144.7228867,124.9975533,108.6355805,56.68958495,39.99828014,78.29743121,59.69457922,118.2228842,88.03675693,141.4826761,90.25301612,96.06518987
"22",801.8602751,975.9430142,946.8207442,852.1878896,986.2927014,1039.363961,1024.238439,1052.304787,1094.408875,1032.376101,1042.203975,1058.293807,953.3481907,1018.661805,1015.899039,987.9229561,937.513288,1018.125953,190.6597217,242.9718236,274.5665159,227.1254486,279.5493373,292.7253816,206.1348509,295.9183332,303.5806078,318.0405538,308.1369181,272.578167,298.0588451,304.8232104,346.4806017,270.1053108,330.9780109,338.4117294,154.7184442,144.4601995,168.35759,149.2647718,158.7584592,204.6722653,180.7071231,143.8088437,186.3208483,166.5161679,140.7374363,152.9569162,195.7133391,149.036958,156.9490858,214.6969515,156.5092879,164.4713215,99.06057391,117.7599736,86.13063749,75.68079271,88.0556823,59.14500791,106.6457941,91.3125085,46.34355832,118.0311399,113.6911513,93.16623841,93.52631895,118.075125,97.4078169,111.4488679,102.0619145,81.61592996,42.91240697,90.33540481,100.1539352,125.3921566,138.7519912,153.8505216,146.1275915,126.0899884,109.6332394,57.3901514,39.23706393,79.85014392,60.69622806,118.9829086,88.67905272,143.6081713,91.4180302,97.63091396
"23",1141.091762,1376.778502,1336.654096,1202.208965,1390.70301,1473.334347,1447.76099,1475.193424,1549.054248,1445.851723,1454.526087,1478.425286,1339.122584,1421.670368,1412.723049,1388.552907,1311.459326,1413.93307,310.2544281,369.3218788,396.8625439,361.0621459,417.6059164,421.392467,338.4197434,419.3160574,434.6089375,450.6033652,440.9267341,388.0704643,432.8175727,434.3639308,476.4850387,384.0573725,463.331915,469.548533,185.3900782,177.4320841,195.3808382,178.4181983,189.8848951,234.5646588,209.6218758,171.1692147,220.2397604,194.8740961,167.5057014,181.2453162,225.831379,176.9179588,183.6077807,244.3811755,184.7390193,193.957509,104.0237862,125.3285257,90.7786888,81.19291342,92.82194077,64.13818604,111.8998928,96.66321434,50.82996366,123.9832968,118.5415923,97.30941775,98.40719264,122.8996572,101.6032614,116.6647626,106.257024,86.54372859,43.81752864,91.95557886,100.6569647,128.1078196,138.7988879,154.1797596,146.2015353,126.6552302,109.62602,57.59308853,41.09733954,79.87691127,61.46252208,119.9667037,88.62262438,143.7401039,91.57391063,98.19865549
"24",1617.877415,1920.108954,1869.107923,1676.555249,1929.017505,2044.770491,2008.488768,2038.984536,2157.575178,2003.064847,2010.842739,2044.136341,1854.54434,1960.813687,1952.005595,1927.836672,1805.907431,1939.509824,515.6945702,598.0291582,615.2841823,598.2320474,661.0705958,649.2725352,573.1613845,636.0529767,665.2457493,683.5203361,672.3964966,594.4318832,671.4806871,666.5713966,708.3960057,587.4051874,699.6927516,701.9243464,243.4571865,243.4588239,249.5200773,235.7662638,252.9417762,292.3756568,266.2032544,228.5884048,287.9310767,250.7810695,222.5948953,234.8354426,283.9749945,230.4661765,233.8656934,302.5716759,241.1575468,252.017066,114.4099719,133.8984764,99.43585391,90.70615797,102.1185045,72.99764286,121.0537781,106.5973977,60.07718762,132.4148933,128.8078858,107.8128523,107.6189514,131.944001,110.2069618,125.5682964,116.251327,93.75751152,45.9907266,95.40919167,102.6877916,130.7177388,141.0004664,156.4824006,147.7095735,128.1988113,112.0414072,59.55420572,43.16453634,81.9514232,64.13206529,123.1462476,91.25152334,146.3468205,93.7090675,99.37320503
"25",2179.047783,2562.362364,2498.847804,2224.829426,2553.010226,2716.258937,2668.840265,2691.837927,2853.576261,2648.780041,2651.157505,2699.732886,2451.613186,2587.754536,2571.489095,2551.247733,2383.352375,2549.796231,849.4153615,962.2113758,964.4420661,982.5460758,1053.2535,1011.152976,949.3719489,983.2488962,1030.588055,1055.705793,1046.885032,911.6432429,1052.158402,1032.369982,1079.53804,914.2357566,1076.546469,1072.193701,354.7169644,372.0793444,353.8783497,344.0108732,368.9435142,400.4013642,376.8879703,337.0279702,414.4753512,356.3363974,327.859575,337.2788632,394.9816237,336.7154861,332.684517,415.3525088,349.165914,356.0343538,130.5864813,152.2282011,114.2462827,109.8728119,121.022751,91.91468551,140.2783497,124.8953511,79.00993826,150.6323087,147.3225609,126.257681,126.563513,149.6584202,127.6691497,142.2024923,134.1546262,112.4423451,48.25900444,99.1777233,107.6952762,135.0389321,145.349646,159.2323939,150.6530987,131.0819345,114.0068844,61.19715258,45.71324244,84.49744165,66.92583787,126.0283622,94.39232718,149.2160283,95.59365836,102.9319367
"26",2796.229413,3257.766245,3198.757415,2809.345889,3231.680928,3446.912258,3371.71986,3398.953753,3616.047146,3342.936223,3352.238875,3401.581652,3104.12842,3262.194076,3242.612722,3229.03346,3006.677298,3214.221107,1336.787606,1496.692024,1477.085736,1522.328207,1607.376405,1533.482353,1474.578596,1468.107862,1549.526851,1574.806957,1571.209035,1359.893598,1579.98602,1544.718715,1599.097086,1368.225821,1606.460119,1587.886143,560.4797911,606.0200713,545.3888445,544.9253767,582.7932132,597.0203057,579.1031826,535.841707,645.1870137,553.1794198,517.2720313,523.6427265,602.465688,526.3139669,513.1310708,624.2296768,546.6362304,552.733105,165.2696268,189.4976629,145.2305029,145.7320215,157.384714,130.9273103,177.9042411,162.0204176,115.4990256,187.1927816,184.5906761,162.5054204,162.0803984,185.2743983,161.5191994,176.5700851,168.9350056,145.4978498,52.37303486,104.8173759,112.939395,142.7936662,151.6234601,167.1320488,156.2150491,134.496972,118.9732936,66.40433582,49.81882101,89.02310278,73.82356256,132.1949203,100.1801289,154.4306266,98.89829195,108.1061434
"27",3426.856024,3968.878295,3903.970413,3393.734996,3888.140707,4139.473703,4057.686718,4086.857171,4353.459767,4026.875583,4035.919858,4092.743705,3743.705597,3935.405941,3911.351092,3890.934536,3613.360936,3866.289042,1949.180195,2165.05921,2125.390585,2183.487909,2278.016881,2164.456983,2115.733126,2061.396648,2183.336552,2211.330347,2213.211123,1884.725802,2236.985222,2173.8371,2242.142859,1934.12296,2255.679523,2223.952298,906.0808132,1002.345332,867.5884756,880.3343499,940.0588785,925.8587405,916.4456143,866.6920835,1025.06122,884.8061462,830.725795,837.5772802,946.6952416,841.7350106,816.4680134,970.5865967,878.6799458,876.6214689,232.9163901,260.1736653,203.0729364,217.4466203,227.9896567,202.4902554,248.8458872,231.9250377,182.9734946,254.1858077,254.9430627,234.4715474,232.2318496,255.3427037,230.9208824,243.1388305,233.0924722,206.1790812,59.25162855,115.9269939,124.7909805,154.7844638,163.1062597,177.7392365,165.256305,141.543246,128.0845022,74.19051752,59.91093282,96.42969653,86.07246676,141.3123886,108.2194952,164.7688128,106.1306518,117.8854309
"28",4029.012596,4639.737895,4561.097277,3940.236997,4501.831021,4804.767693,4700.574159,4734.836245,5047.913893,4651.655073,4681.887451,4741.313156,4340.589534,4562.201964,4540.600445,4507.874881,4185.470005,4479.273071,2644.978382,2930.512091,2852.397024,2917.841168,3038.812576,2870.411368,2844.251812,2721.902351,2890.394299,2928.365997,2935.090798,2484.085512,2966.268974,2878.073488,2968.157032,2564.447322,2987.066917,2939.063915,1423.269371,1594.627755,1356.109932,1379.146689,1462.917464,1409.509705,1412.639116,1357.273,1588.402003,1372.733086,1295.582262,1299.398572,1453.7122,1305.774152,1265.601116,1483.609924,1366.564811,1357.001771,359.9333609,397.0927935,315.5811733,350.6797185,357.9378083,334.6887474,382.2690047,364.0085847,310.4749846,385.0165562,383.9711602,365.013251,363.9584551,381.5667191,358.7530693,365.9491562,356.9971441,320.4214824,72.48181652,134.0023771,142.9931584,176.6576738,184.6783074,201.7276118,181.5869569,157.8131226,146.0740619,91.1279435,77.72536969,113.3191726,107.69681,158.6394612,127.9662206,181.4781515,118.9930105,137.7685817
"29",4564.601495,5219.277194,5169.522283,4422.06622,5047.249934,5392.932121,5276.79633,5324.17044,5657.548824,5225.109599,5243.890405,5326.891839,4886.951583,5121.968769,5097.282019,5045.306862,4699.905528,5015.927129,3360.626991,3711.401797,3599.140185,3660.429176,3797.797136,3582.346643,3574.397579,3395.960993,3624.431218,3653.600301,3680.041659,3053.020124,3703.678213,3600.174958,3697.329556,3212.221497,3731.375879,3665.749637,2097.251286,2373.785379,1986.985599,2017.527339,2134.817702,2027.577987,2046.174185,1988.452587,2306.197694,1999.719338,1894.453178,1894.910064,2103.638325,1896.04509,1852.22043,2137.282832,1996.701813,1978.426355,586.7741954,634.8466147,513.2775961,589.6134754,593.7547182,572.3866448,622.1824872,595.8860147,536.6115241,611.6433605,612.8426864,598.950699,594.0927711,604.6700149,579.9685809,585.8677394,576.465382,523.7795862,98.53796632,166.0353764,179.6195294,217.5887712,224.6458812,240.4977191,212.4515733,186.4626138,181.4685024,122.0338409,110.3267843,142.9334854,149.5960516,193.506299,161.4257941,212.9580871,143.796942,174.2946966
"30",5065.434696,5750.686314,5709.073551,4841.27865,5531.225428,5919.709309,5791.161534,5831.49634,6212.270333,5737.711699,5769.475498,5840.04075,5383.702053,5623.431556,5599.300491,5541.462072,5139.868214,5509.576967,4044.481329,4470.018044,4326.663712,4372.455236,4528.066577,4271.601506,4275.826376,4035.249081,4321.273422,4345.458678,4379.036761,3582.159929,4416.971277,4291.721479,4412.83783,3824.724236,4440.647443,4358.888427,2884.565332,3278.78398,2736.892058,2750.322984,2909.163541,2734.906372,2778.000457,2725.967059,3126.472685,2725.358161,2598.355926,2587.319276,2854.416896,2582.84712,2537.59911,2885.66869,2721.635654,2700.519569,966.4573653,1024.608505,850.1527139,973.6380317,973.4953454,951.5629658,1005.826493,975.0349155,897.7631279,975.6785606,976.036547,971.4653567,965.6856648,960.156832,932.3141428,942.0575059,926.6548389,847.9863173,149.2533761,230.871542,249.1940001,294.2382313,302.4711076,319.33108,270.1683711,239.8606156,251.1404886,183.7399083,176.4000511,201.895201,231.0469589,259.4623304,224.9382701,276.0115721,193.0514245,246.2994735
"31",5478.722211,6236.957036,6170.519038,5205.416042,5951.17328,6367.762669,6227.339836,6283.330702,6676.862057,6178.414475,6208.217817,6275.515708,5780.291043,6049.393276,6035.476165,5974.347986,5532.417736,5930.303029,4686.11399,5159.748235,4987.557125,5000.056292,5181.424224,4882.438689,4913.332189,4605.851858,4955.553138,4977.189919,5018.306408,4069.731685,5070.242597,4907.474838,5050.03837,4380.03069,5086.217889,4993.153639,3710.241951,4230.060957,3532.250481,3511.643445,3717.458767,3462.133482,3530.746206,3488.599345,3993.83155,3481.685234,3323.922525,3312.744324,3635.178195,3294.456538,3252.489561,3669.322332,3480.832122,3469.170382,1505.885876,1577.705214,1343.621233,1523.767594,1521.150143,1486.867138,1556.713269,1515.393113,1405.762285,1479.941027,1490.413358,1506.069024,1493.06633,1457.451346,1427.034393,1451.03981,1426.254757,1311.077167,242.9888125,346.4235295,381.5177381,440.3027884,447.9400847,463.6810701,380.3756709,344.2952953,376.0010022,298.3106255,299.8588275,314.4269605,389.0782238,387.398258,348.2446415,394.1565778,287.8012828,379.4044337
"32",5865.251005,6634.155902,6572.670839,5520.799773,6308.947451,6748.602517,6601.968,6663.893843,7092.35225,6560.294086,6585.824453,6667.824625,6144.304422,6447.108852,6413.768572,6332.821148,5877.804161,6304.96628,5249.382144,5783.984973,5566.467583,5571.904524,5760.18421,5437.246333,5478.405489,5108.652917,5519.632059,5525.121018,5589.603866,4523.404695,5638.952382,5466.679157,5624.755279,4887.429245,5667.39639,5560.419129,4498.323716,5157.298984,4294.576439,4253.806248,4491.48018,4168.688204,4265.24407,4227.031098,4818.608657,4224.858706,4028.176181,4020.181944,4402.791952,3995.849251,3956.086544,4429.799584,4220.191424,4206.410435,2173.189965,2250.389061,1969.060993,2215.456272,2199.219718,2132.250711,2248.854921,2181.332211,2026.463536,2097.152069,2113.596743,2169.651977,2135.452506,2069.483533,2025.986483,2094.061185,2048.273812,1887.69889,413.6746866,552.7738453,610.804984,693.7710626,703.9649524,720.9003057,580.8485783,532.598499,600.6238401,508.5169468,520.1905892,516.4580768,656.9969279,612.1178877,576.3277586,606.3556406,460.6713181,612.3001559
"33",6197.994698,6975.99493,6920.554218,5793.767097,6609.333474,7091.633494,6934.640847,7014.937509,7458.196148,6891.839868,6927.531193,7019.546995,6459.46112,6780.987792,6742.956417,6667.225107,6171.118155,6631.564064,5736.533091,6328.124391,6096.769505,6064.072376,6274.766482,5908.229907,5962.753779,5562.873614,6027.956339,6016.823999,6103.424519,4915.925515,6141.588578,5964.560426,6129.063502,5317.613536,6186.151948,6052.127096,5250.261618,6008.365101,5014.035209,4941.728154,5209.724645,4815.461301,4933.270213,4919.314725,5577.426135,4896.342532,4691.814238,4675.504153,5103.029785,4635.665181,4603.758745,5125.65387,4895.289774,4895.287915,2937.462901,3000.305999,2689.535187,2978.809591,2960.398011,2854.213474,3011.222953,2923.797288,2720.920836,2779.427397,2823.989203,2913.284955,2851.90868,2741.353566,2692.150849,2811.581387,2742.79221,2526.55385,705.1141711,895.2559666,993.0768314,1102.855564,1116.968821,1124.791089,915.1308389,850.3514989,956.2955221,853.1095842,884.0961894,863.6960684,1093.381705,976.7845908,947.038233,946.7620933,762.0570802,982.7089061
"34",6502.774979,7301.317647,7244.511083,6039.101692,6888.656287,7392.893243,7237.777464,7305.132907,7770.814591,7166.021115,7228.820948,7321.3196,6733.133033,7056.248512,7042.42565,6940.601161,6412.311852,6902.566946,6173.161723,6819.147443,6525.393462,6489.828483,6706.32178,6323.166375,6398.989857,5955.161564,6459.156963,6429.22736,6519.771663,5215.237357,6588.821805,6388.954158,6564.504742,5693.196415,6622.076966,6479.421623,5901.158119,6747.055527,5630.655665,5517.377262,5826.198198,5375.954893,5541.065359,5519.740652,6249.98286,5507.034608,5263.184467,5264.480611,5724.427007,5197.395489,5190.132838,5743.77133,5501.939048,5495.612343,3705.015873,3767.386532,3424.174483,3761.501512,3718.158494,3576.040378,3782.688347,3671.852078,3412.595642,3462.077962,3526.255679,3653.389076,3568.614282,3417.067137,3353.060439,3550.649017,3444.350254,3177.840765,1135.680113,1372.247635,1540.186864,1673.431281,1698.969583,1690.582009,1408.533675,1313.420897,1457.249268,1351.936824,1399.250801,1382.241351,1699.928824,1502.322988,1494.573632,1430.392202,1225.064588,1479.199925
"35",6783.935347,7609.657069,7567.748437,6299.30924,7209.358726,7727.261595,7552.705744,7632.208002,8114.748015,7499.659399,7552.272777,7645.156551,7050.928832,7418.600461,7357.973345,7262.004659,6695.971703,7216.261298,6624.453705,7294.454472,6978.575072,6913.25708,7160.619984,6739.634334,6849.283652,6353.044268,6903.684181,6867.137408,6975.525443,5525.916512,7038.290769,6834.111387,7035.887329,6080.943435,7085.281364,6934.700094,6539.246886,7473.383713,6252.520786,6103.701749,6445.026938,5940.852096,6128.652491,6123.763417,6921.104826,6112.397814,5846.320922,5840.246874,6339.324398,5766.970235,5766.589798,6356.64085,6097.817339,6097.175493,4497.565284,4539.439575,4180.748606,4558.586902,4503.607743,4308.576663,4599.951003,4439.697647,4127.42962,4171.637838,4264.419263,4422.581473,4320.927514,4120.029377,4037.279876,4310.002463,4177.169992,3873.523193,1740.430353,2004.339915,2259.73207,2414.062196,2453.322077,2418.18059,2066.978686,1948.623903,2109.467854,2016.887671,2076.344101,2095.616578,2478.799023,2180.652624,2210.642914,2060.030359,1875.408186,2118.013534
"36",6997.894931,7896.345233,7838.746679,6489.940736,7444.75202,7976.359866,7802.873446,7896.694581,8391.051117,7739.97316,7842.04435,7912.923338,7292.117881,7721.624271,7634.582526,7491.549421,6921.751711,7472.240313,6990.619296,7685.042114,7340.707091,7268.732377,7523.466059,7077.881473,7204.123504,6669.585392,7273.736893,7217.874358,7335.096996,5813.318682,7417.194834,7205.401109,7392.222874,6398.256621,7448.875558,7288.331356,7041.286584,8067.31919,6745.562939,6582.128647,6955.288029,6388.351879,6604.312617,6610.778745,7456.757866,6619.178588,6323.184431,6306.395511,6844.953826,6226.347613,6229.402716,6859.45863,6588.271959,6591.84571,5186.129517,5204.832672,4844.795534,5261.573594,5174.757461,4939.149197,5278.218642,5121.441173,4745.830263,4791.291721,4900.709121,5106.385097,4975.000472,4729.156341,4636.690576,4964.900875,4804.159553,4466.044772,2415.826865,2683.361953,3038.600474,3201.56431,3259.738426,3188.98721,2795.175587,2654.592187,2812.837576,2747.56448,2820.452083,2895.754347,3303.297046,2913.302115,2994.318035,2736.988462,2634.497463,2782.100095
"37",7211.058902,8122.167291,8075.781373,6664.012869,7637.348771,8191.951677,7988.492948,8100.162079,8628.002441,7943.978584,8097.615188,8173.0268,7478.706504,7940.377312,7846.328838,7706.070441,7149.424969,7665.057012,7267.842447,8003.443727,7623.165606,7548.363236,7809.832331,7344.345325,7489.086399,6939.834785,7569.462331,7502.675558,7635.719175,6017.981629,7711.583314,7491.233195,7705.271349,6649.556497,7752.977342,7561.290839,7482.622705,8531.762716,7164.449886,6973.785616,7359.678728,6760.204244,7014.701704,7004.852987,7892.117389,7018.505804,6701.126313,6709.767372,7274.239972,6595.210303,6607.677644,7247.665269,6987.099264,6996.262538,5781.14277,5776.572949,5435.892773,5849.64668,5757.601297,5483.73805,5881.143712,5689.741502,5275.944214,5303.968026,5440.338028,5676.722014,5514.83422,5238.45214,5146.521642,5520.878652,5328.732527,4971.198251,3096.735967,3349.036359,3809.325223,3950.837579,4033.191725,3923.250139,3517.710336,3364.504003,3509.539196,3459.662518,3544.32154,3696.695131,4106.884309,3630.199767,3776.612442,3407.173078,3398.239305,3425.886219
"38",7422.263642,8274.630916,8303.634523,6815.010202,7799.036859,8376.80863,8179.695704,8346.795928,8883.833264,8125.12202,8320.120087,8393.903187,7671.830239,8175.54015,8099.539611,7932.201579,7317.068292,7842.862441,7559.809809,8298.1068,7919.851449,7814.528919,8104.886141,7603.325293,7771.615768,7188.98224,7861.384831,7775.485134,7917.274081,6206.755191,7988.690924,7777.240513,7999.911931,6896.008129,8052.49772,7857.602479,7879.729869,9001.864994,7558.92831,7333.178126,7750.382323,7120.187138,7379.693981,7390.688593,8325.931978,7394.495346,7080.728067,7084.017377,7660.24972,6965.918828,6987.258072,7641.155125,7379.507329,7387.380486,6332.577066,6296.271125,5959.533852,6395.586676,6287.383254,5976.292069,6423.588843,6219.012862,5769.579028,5803.348899,5952.570033,6216.903721,6030.607767,5732.063613,5613.409225,6049.811681,5834.945775,5449.13577,3778.967454,4004.202069,4572.494975,4693.71738,4816.12905,4645.273163,4241.956429,4081.789047,4199.374093,4164.410192,4257.559036,4503.322646,4895.953039,4344.122889,4533.929747,4061.142742,4172.847158,4052.634422
"39",7626.501353,8402.014724,8400.883304,6913.170837,7912.998749,8517.954162,8299.018149,8506.165126,9034.687386,8266.634135,8453.340315,8521.755137,7782.947568,8283.396044,8236.559064,8075.705883,7464.647729,7985.163265,7744.060899,8503.729498,8110.124156,7995.426305,8283.375197,7790.829009,7967.269022,7361.014408,8062.116745,7956.924385,8114.601879,6346.50659,8188.841736,7972.15789,8190.155272,7061.116675,8249.88084,8065.374976,8185.574662,9325.359391,7842.275383,7625.783493,8035.459381,7669.030237,7641.130601,7667.189701,8632.407795,7680.61405,7342.58965,7349.011342,7939.505832,7220.008387,7252.315429,7924.131459,7643.712677,7659.579121,6748.473607,6708.900927,6373.423518,6819.017913,6696.838827,6359.421278,6856.011775,6616.390053,6141.622373,6167.828611,6338.677017,6619.832534,6425.825685,6101.878934,5984.385288,6457.590552,6224.528666,5830.99612,4360.393554,4562.908975,5212.197579,5306.598441,5445.282132,5242.913957,4847.404713,4675.972437,4765.792864,4769.843299,4852.157529,5194.923912,5540.673339,4932.432937,5167.954431,4609.100922,4843.3442,4566.731725
"40",7732.22213,8546.795471,8547.583739,7015.860613,8023.765869,8627.752202,8428.295706,8665.461028,9186.104029,8387.335088,8613.900112,8655.067624,7913.332182,8422.995928,8381.692299,8213.97503,7554.860685,8138.51829,7919.835935,8718.398889,8316.184043,8173.595383,8474.411355,7966.232687,8176.361622,7540.891383,8252.175053,8153.163801,8330.648448,6488.442309,8399.754515,8167.850947,8402.225015,7241.064223,8455.553365,8259.646107,8471.373604,9655.271116,8126.526919,7867.631293,8289.699003,7929.745842,7901.951161,7943.494032,8933.844326,7956.035801,7614.215833,7608.660474,8212.586953,7479.381473,7522.176941,8200.132154,7907.875833,7945.762632,7136.970464,7094.852124,6756.62584,7235.533193,7065.941162,6712.227648,7254.872365,7002.786975,6496.472552,6535.817871,6716.244608,6998.586823,6799.151972,6456.736693,6315.401493,6829.509615,6583.24262,6184.777104,4894.088886,5072.287194,5801.518718,5870.016795,6050.548014,5803.736478,5418.255576,5249.926777,5309.976503,5293.948109,5407.28092,5809.78925,6144.109515,5482.386995,5754.124534,5119.496392,5471.297761,5057.979932
"41",7820.893018,8635.442596,8620.951383,7074.407013,8109.216619,8722.840911,8513.645672,8744.883446,9290.945269,8466.020294,8666.880445,8756.393747,8007.666698,8507.492402,8469.514949,8295.111944,7572.408412,8216.044067,8075.373065,8878.803683,8449.340221,8303.078889,8608.288389,8097.862158,8285.631129,7642.389311,8395.601324,8279.769983,8474.937262,6547.964804,8533.212734,8295.244408,8548.055246,7367.289654,8593.307042,8380.562377,8688.412135,9900.747379,8318.083539,8069.690247,8486.916332,8117.79697,8090.801981,8146.006309,9149.791557,8154.630275,7797.618416,7816.80803,8424.450184,7668.394684,7716.584657,8397.385441,8100.905609,8146.012459,7459.767706,7396.980051,7057.090296,7577.284298,7379.428484,7004.779947,7571.472693,7305.8616,6770.548216,6812.463809,7001.557356,7291.290502,7089.81333,6731.403255,6575.713666,7115.591325,6874.47465,6438.206105,5325.163081,5478.384701,6282.820195,6316.286357,6536.253157,6250.38671,5877.493976,5712.896837,5731.597099,5723.638893,5837.306603,6328.171433,6616.207516,5926.386427,6234.436283,5530.786902,5977.295268,5439.959909
"42",7925.087608,8742.629419,8706.963703,7155.345217,8180.344522,8805.130425,8605.817441,8864.246166,9380.086147,8558.229713,8785.927663,8858.440768,8139.841475,8606.493908,8569.889799,8392.002826,7649.863461,8327.636569,8213.118729,9022.78829,8593.64844,8433.862252,8747.748085,8222.575297,8447.770312,7780.047311,8561.147052,8437.923064,8623.03283,6644.637043,8705.776024,8454.451683,8715.399471,7491.982711,8755.305436,8548.718611,8875.497849,10155.24929,8570.409424,8278.084816,8713.474044,8325.511831,8303.244091,8373.521805,9391.550022,8345.707058,8022.969515,8043.445615,8647.047926,7869.348551,7931.440037,8620.376375,8315.357141,8383.37608,7767.918684,7675.963685,7370.978995,7907.263071,7730.893537,7280.60134,7882.460854,7652.511549,7050.435655,7102.787383,7308.657939,7609.069057,7380.19942,7008.414355,6847.976231,7419.445448,7169.845157,6720.220285,5740.591775,5866.787627,6729.79669,6747.569936,6993.745344,6691.715056,6320.969305,6154.522395,6148.988601,6129.824106,6267.266545,6813.075574,7095.21765,6348.296064,6644.270391,5932.853302,6457.208514,5823.771986
"43",7991.59051,8815.321857,8789.280063,7209.102502,8246.837996,8870.646426,8654.232695,8947.502484,9461.471404,8588.992018,8880.491957,8948.912769,8218.22249,8699.095427,8647.060804,8495.262654,7702.460796,8397.312413,8315.965487,9171.691365,8685.265388,8555.610639,8882.277608,8344.018616,8555.10078,7888.818058,8700.63,8568.662336,8750.36646,6725.921484,8825.389366,8586.632904,8822.18504,7615.172657,8888.074404,8690.61016,9064.987999,10359.65674,8746.40781,8449.342047,8888.504415,8503.663009,8487.278962,8547.78994,9594.865423,8540.67805,8194.640969,8230.649476,8853.340802,8050.462504,8110.13754,8823.843478,8497.252147,8575.041694,8028.536899,7928.491087,7642.028475,8178.857832,7997.070776,7525.809597,8155.678689,7956.255535,7285.606139,7352.290788,7558.408606,7875.58918,7640.402445,7242.426619,7079.425392,7674.12911,7385.129156,6963.229113,6086.948571,6193.097665,7108.515208,7131.425358,7396.49628,7066.500753,6695.825621,6522.823564,6496.94176,6477.907158,6623.658152,7197.405972,7487.32338,6711.244714,7010.667467,6267.095581,6854.31602,6132.716355
"44",8029.596312,8853.583798,8861.290216,7231.744491,8308.609401,8921.32056,8721.365011,8997.253205,9508.805061,8626.103018,8934.171478,9007.851218,8278.942842,8753.32576,8719.645704,8538.551328,7743.212138,8481.248265,8455.999932,9283.68978,8816.190227,8631.274314,8980.999762,8430.040726,8675.816979,7966.419897,8802.474571,8661.000793,8872.57754,6789.373646,8931.409205,8697.642045,8932.366267,7713.264778,9000.174377,8794.724118,9199.713881,10509.45163,8888.629383,8595.050566,9039.303496,8651.594076,8629.902806,8701.043321,9776.089658,8681.224028,8354.79554,8377.354833,9002.156713,8192.973007,8261.536878,8973.207672,8639.607953,8722.547029,8236.144347,8128.569862,7828.439971,8413.664879,8185.251857,7716.198736,8371.773688,8167.813487,7483.218942,7565.79676,7759.921395,8102.525186,7858.110825,7458.941114,7280.665727,7901.501426,7608.027815,7159.360583,6384.914017,6478.304036,7445.851565,7454.637859,7724.558206,7384.608829,7029.597605,6845.746453,6805.623285,6776.220248,6914.198134,7539.313787,7821.016024,7019.08749,7322.366365,6560.660635,7207.555559,6411.479735
"45",8045.403496,8867.434934,8893.354124,7271.890279,8334.200766,8964.758139,8755.362551,9034.653706,9569.820824,8682.897458,8965.41499,9034.709818,8300.853528,8786.366697,8774.273895,8567.217878,7746.860366,8512.725709,8493.138202,9355.106909,8854.358466,8708.495735,9048.631042,8487.058786,8755.635003,8044.070897,8888.162457,8743.731886,8964.64842,6820.65912,9055.267049,8773.811808,9023.24832,7776.160723,9100.409654,8885.939317,9328.762581,10612.15626,9007.578684,8724.503407,9151.387147,8750.859669,8756.648022,8818.444613,9894.707503,8824.134187,8473.717666,8513.024767,9138.527681,8315.183625,8395.306852,9101.184462,8776.364338,8855.25304,8431.973487,8343.738152,8023.269636,8613.88908,8394.633949,7893.093028,8615.720653,8372.935978,7665.985423,7736.224087,7945.41169,8281.5463,8049.942926,7620.800981,7455.998326,8068.614857,7815.46677,7356.2077,6632.287576,6720.729649,7718.630757,7742.363914,8014.252559,7666.97285,7296.883749,7124.080663,7057.108977,7015.746827,7183.055371,7836.372841,8124.866692,7303.005981,7607.429053,6818.772293,7494.164061,6644.60826
"46",8045.604932,8888.513388,8904.790947,7270.802418,8323.410068,8957.183827,8743.266933,9038.70473,9567.664241,8706.907214,8971.4358,9037.397261,8318.966865,8791.555449,8754.566559,8565.46065,7746.385388,8524.233096,8528.270078,9390.727133,8910.287603,8712.431539,9078.166482,8519.82237,8785.429906,8087.686762,8924.640366,8785.19936,9001.419301,6830.33648,9068.667782,8805.682011,9065.215219,7811.966423,9128.339883,8914.860457,9412.695213,10729.87277,9093.403585,8795.178649,9215.855311,8816.794842,8833.483161,8924.912059,9979.700604,8881.981728,8556.159616,8602.491863,9208.835408,8385.609201,8460.766583,9166.19264,8855.311685,8934.796237,8548.12575,8454.123079,8149.931256,8753.40444,8541.540526,8004.925721,8783.844479,8490.097986,7785.046112,7887.705132,8081.508105,8409.500384,8188.429683,7745.844948,7558.18427,8203.04792,7934.86452,7457.513049,6827.14549,6909.737928,7943.536202,7940.890682,8238.979554,7859.365317,7511.301732,7341.834032,7257.807915,7213.659411,7377.715449,8071.719781,8319.096967,7499.279178,7832.793652,7007.87754,7731.197795,6817.623456
"47",8064.23147,8883.632944,8937.049154,7279.351387,8332.864877,8983.626995,8772.081946,9070.897945,9573.582454,8720.783909,8979.518955,9078.88073,8358.887843,8809.221776,8768.684619,8605.940179,7766.448095,8546.074763,8575.501615,9445.205914,8959.664358,8754.691454,9126.550375,8574.02214,8847.708551,8117.863701,8972.798417,8839.096705,9048.667291,6842.194026,9131.836163,8849.795356,9125.076836,7867.64959,9182.689317,8967.530501,9476.557701,10791.87553,9173.092134,8886.848902,9306.678367,8889.000702,8911.689784,9014.166224,10048.50842,8967.217566,8632.213765,8695.641344,9297.426919,8480.537678,8548.239445,9265.283323,8928.847666,9034.739451,8688.188201,8596.205378,8307.436471,8918.040216,8669.050186,8178.692808,8944.174499,8639.425111,7901.387283,8018.753947,8222.367569,8546.998212,8318.799142,7883.851456,7692.067391,8343.418575,8094.78222,7585.716793,7055.305217,7086.083848,8156.211095,8143.301981,8452.599026,8075.599138,7722.823197,7543.69673,7462.017173,7405.82495,7578.798001,8270.064707,8542.405589,7710.514713,8031.172189,7214.628381,7961.499938,6995.520376
"48",8103.924421,8911.899314,8935.988976,7290.981321,8349.95005,8993.983212,8778.701518,9065.589228,9567.316443,8738.361421,9008.213414,9072.051647,8364.828775,8828.106747,8765.358862,8621.873668,7764.572224,8564.82979,8577.82753,9474.055399,8993.795168,8770.006688,9135.875507,8600.153341,8887.101656,8155.748341,9025.544849,8892.091555,9096.025582,6845.924362,9196.124635,8895.431642,9149.381197,7887.433919,9222.698033,9011.818547,9549.976378,10879.50926,9249.458229,8932.549816,9361.64769,8953.010401,8975.140994,9077.367074,10120.89297,9027.261458,8706.565424,8759.879066,9386.557938,8538.119382,8639.478671,9331.589304,8985.904044,9109.722927,8819.682499,8711.108812,8431.384317,9014.512961,8813.480914,8308.403371,9089.33568,8764.760267,8020.253034,8117.933611,8347.996268,8684.94084,8435.363268,8005.00181,7807.997731,8450.133354,8207.316503,7701.324436,7243.168392,7245.649204,8332.823297,8330.2294,8648.43289,8247.455959,7898.827893,7717.033117,7628.028693,7560.314599,7737.991462,8457.096551,8729.006863,7882.671572,8207.155362,7383.004336,8149.279771,7140.355994
"49",8120.571454,8892.045912,8952.302886,7294.678622,8355.128731,8987.375102,8775.000013,9077.990821,9577.554681,8728.192034,9006.516463,9077.735123,8360.2323,8817.366441,8777.6877,8613.736901,7758.2811,8557.632369,8609.583054,9479.33155,8979.857296,8789.900636,9151.673764,8608.239907,8914.051816,8165.470045,9047.295044,8899.692883,9133.215452,6833.55195,9166.003793,8926.350604,9201.122212,7913.290647,9251.635307,9046.602967,9584.90337,10939.18709,9263.070513,8982.995343,9416.879232,8993.511678,9034.017939,9128.172894,10158.10141,9078.312349,8767.662003,8815.061397,9421.454634,8589.249174,8686.53673,9394.795938,9046.67269,9158.345808,8912.201788,8792.837915,8511.778146,9088.714928,8890.036807,8403.503363,9186.394478,8867.141773,8124.138832,8217.005745,8444.809749,8776.222419,8536.712045,8095.614632,7886.758336,8542.546913,8302.219134,7782.599115,7399.035555,7360.612114,8492.80002,8477.693201,8801.260302,8407.665472,8058.262875,7878.354702,7782.267098,7710.063996,7879.241214,8617.657607,8884.811833,8037.416644,8351.353039,7519.893917,8280.582303,7276.662059
"50",8104.764323,8904.864643,8958.854584,7283.5621,8318.974137,8985.292503,8778.733153,9067.295669,9602.949928,8733.471378,9021.011726,9111.487293,8376.282704,8819.17187,8773.900643,8615.209257,7753.67137,8573.334503,8606.521531,9520.048058,9017.195322,8789.952482,9167.163064,8638.015458,8950.537662,8190.231928,9093.773803,8914.325122,9129.43777,6833.608437,9180.140904,8960.26317,9227.775309,7917.025933,9285.160989,9052.404444,9597.299195,10962.3917,9301.934181,9004.39115,9432.020898,9015.773739,9057.405498,9151.723405,10195.03405,9141.44743,8795.541402,8861.835582,9471.160392,8619.823287,8723.181353,9421.684105,9087.274698,9179.295432,8966.568299,8860.364663,8554.797064,9180.367617,8933.828487,8473.868723,9252.265038,8928.877579,8201.510415,8285.412694,8513.122549,8860.634807,8597.848479,8152.898701,7950.187484,8603.019234,8365.768396,7872.13884,7523.130434,7445.166549,8626.884985,8603.96002,8942.049448,8545.052079,8183.142519,8017.214944,7892.04016,7827.774359,7999.932836,8722.846572,9006.252035,8164.789604,8473.480434,7633.649074,8418.224825,7394.584756
"51",8117.381646,8901.246052,8950.953279,7286.697271,8320.777026,8977.523072,8768.580257,9101.724246,9594.910696,8728.345881,9004.359804,9090.637648,8365.576964,8832.510197,8774.727995,8622.417261,7752.784525,8571.081595,8641.22306,9531.31497,8999.85615,8815.021216,9172.205866,8638.583666,8940.761617,8211.682533,9116.923974,8932.485288,9130.481992,6805.142692,9202.741671,8969.038811,9238.077344,7931.477749,9302.578152,9087.798678,9630.111198,10951.70562,9305.904447,9025.136989,9458.398173,9033.658662,9096.634581,9206.642004,10206.57914,9164.816907,8813.375971,8890.37553,9496.976164,8648.599874,8752.991109,9454.727882,9103.316253,9227.53081,9021.921155,8899.61433,8591.73154,9229.937667,8962.944152,8520.28923,9311.881708,8982.648735,8270.173732,8349.741998,8569.147783,8919.894258,8660.726448,8215.683757,8014.56568,8671.236635,8420.536951,7938.606863,7618.03022,7533.167512,8724.767561,8705.002291,9048.327565,8648.572099,8296.804282,8119.005148,8012.289653,7942.672359,8072.299982,8848.666853,9108.714295,8275.305632,8590.814584,7731.077006,8524.056817,7481.001377
"52",8090.200803,8893.206094,8928.108109,7265.94895,8318.55012,8963.783035,8749.386933,9069.164215,9580.483878,8693.970313,8990.399691,9072.665312,8335.014156,8815.438547,8749.518483,8593.242277,7722.115947,8543.820792,8629.215649,9508.312893,8994.550088,8811.858026,9157.142488,8629.890208,8933.892522,8188.973161,9087.357301,8914.346445,9138.263853,6767.140384,9171.703201,8964.941107,9228.26226,7903.577928,9292.122883,9029.308433,9609.957808,10927.43887,9297.696491,9003.500908,9433.02069,9025.940222,9067.747027,9161.83829,10175.15097,9156.321026,8802.686609,8887.271991,9488.140692,8632.54267,8740.949019,9444.736691,9093.887713,9206.777238,9013.027783,8930.869047,8619.258748,9252.972949,8963.462649,8552.389198,9326.465845,8993.377651,8283.169132,8380.980956,8611.828844,8926.585515,8669.669204,8219.431146,8022.007347,8686.049358,8449.706497,7967.894932,7701.482223,7584.331151,8775.324561,8740.589562,9103.677752,8702.311253,8347.768178,8182.659862,8061.190431,8011.70098,8139.882144,8903.02272,9177.531767,8331.651921,8630.979273,7807.168636,8588.900814,7523.797117
"53",8132.517212,8905.61718,8946.805048,7267.227102,8348.066953,8973.271108,8759.422568,9084.447088,9598.517368,8699.819953,9011.611246,9088.452371,8345.161922,8810.711849,8770.305083,8609.819549,7748.799982,8563.54676,8637.777782,9534.61268,9027.279044,8831.438848,9185.151279,8649.97252,8957.674068,8218.1402,9122.860883,8941.826424,9164.950316,6773.966696,9223.792675,8978.040725,9250.592688,7928.097163,9325.689655,9046.144014,9636.842819,10968.08489,9310.215735,9059.816418,9457.810094,9051.249641,9080.284422,9188.257814,10219.67456,9196.547489,8826.819758,8917.762903,9514.721358,8651.89049,8776.563092,9467.147071,9127.236016,9228.629568,9063.084128,8961.942209,8656.442759,9289.672481,8997.864667,8585.682198,9376.765519,9067.811981,8329.527641,8418.706833,8656.657443,8984.969243,8733.406719,8288.559648,8063.137951,8718.197634,8496.231818,8011.941024,7769.086197,7657.848464,8870.183483,8834.976712,9196.57522,8804.404309,8432.923614,8277.258042,8156.073527,8097.549058,8186.212488,8988.642412,9250.706235,8415.801575,8715.3866,7886.629161,8681.906878,7612.295166
"54",8078.821306,8900.714623,8906.013251,7260.331682,8304.918972,8972.576994,8728.194592,9055.569661,9555.284385,8687.556822,8969.56475,9050.802796,8312.863789,8793.453037,8742.366128,8592.228666,7715.252896,8549.656359,8601.291683,9489.961532,8988.249185,8790.064055,9149.775922,8641.997574,8937.620341,8201.430681,9098.25788,8924.549226,9129.085361,6722.286939,9174.403031,8965.247455,9226.205959,7888.162828,9296.594519,9029.601199,9608.117407,10931.796,9297.853656,9044.529318,9457.642989,9028.882191,9084.419433,9185.34482,10198.16066,9184.933521,8816.134752,8911.313852,9505.986997,8648.091374,8737.299374,9454.593588,9111.042484,9207.738336,9054.734165,8943.733466,8658.61205,9279.406841,9002.641164,8581.403019,9385.583523,9035.774883,8334.229398,8403.428884,8659.233711,8970.936545,8729.919621,8279.983977,8067.926161,8723.170504,8495.62996,8027.640933,7805.08231,7683.68218,8889.867323,8858.131653,9209.361488,8824.410088,8453.568912,8304.603133,8194.681315,8087.614766,8204.561819,9014.087356,9293.967549,8459.687656,8728.847177,7918.652688,8706.973032,7637.049759
"55",8081.278349,8906.993564,8912.69956,7261.174074,8314.997327,8973.647508,8749.001073,9075.511642,9576.861993,8685.752862,9002.581811,9088.403127,8312.949306,8828.118039,8754.431107,8597.044795,7719.128442,8540.711192,8619.77268,9518.169942,9016.395207,8808.242122,9173.543218,8641.215404,8960.401397,8227.353051,9102.387175,8947.264501,9147.349936,6697.485931,9205.725746,8980.089894,9251.08965,7931.309523,9324.703847,9035.080005,9632.309951,10974.87389,9311.099968,9047.181967,9470.69224,9049.711278,9114.680934,9201.981262,10244.51925,9202.357704,8837.18429,8944.75993,9535.399404,8678.667325,8775.827742,9474.448471,9130.409213,9232.356992,9092.94294,8963.12088,8692.715196,9342.337854,9034.82669,8608.086742,9427.124255,9086.530707,8383.578044,8463.959545,8694.395563,9033.414549,8773.445772,8310.465749,8106.627146,8773.408728,8543.008398,8067.05933,7855.634228,7754.129266,8966.290696,8926.419228,9271.754151,8879.206893,8517.154322,8378.257669,8246.666059,8136.24317,8263.724265,9057.265006,9346.124195,8525.958017,8791.115819,7984.463242,8767.817774,7684.182548
"56",8058.411398,8891.006289,8913.082999,7254.636566,8314.522911,8962.046273,8732.70037,9059.408323,9580.212116,8698.508342,9003.024641,9108.155047,8339.738399,8806.403641,8759.570725,8594.082933,7721.697047,8533.650084,8622.32423,9514.59482,8998.796286,8795.07911,9156.32348,8651.745788,8960.162759,8214.938687,9124.811373,8959.994199,9160.697386,6690.188692,9182.307746,8978.071684,9264.986135,7923.380013,9310.377169,9042.988233,9623.790533,10958.1565,9344.725141,9053.542684,9459.776534,9039.964419,9100.697778,9201.798856,10238.77735,9219.802395,8845.689384,8950.511311,9522.435055,8676.217324,8796.713889,9489.195592,9137.653571,9250.108043,9085.948999,8978.108476,8699.181378,9335.988384,9048.007434,8629.703948,9450.194042,9095.456723,8386.890113,8470.470437,8722.121483,9038.49956,8793.071986,8326.741054,8118.673777,8772.488697,8540.388788,8076.276859,7897.577609,7755.880393,8986.854984,8939.198878,9301.127201,8913.153658,8552.514691,8398.836253,8278.142058,8151.398144,8277.761011,9094.061956,9370.927841,8541.866619,8798.993541,8006.046741,8801.092942,7715.334703
"57",8021.908184,8895.21709,8910.773176,7245.889167,8314.376862,8964.647291,8722.347171,9070.81392,9554.903996,8681.357221,8952.773312,9072.145624,8311.848123,8812.24219,8747.416802,8587.037332,7706.887424,8533.567802,8603.067024,9505.608395,8998.779122,8797.388828,9150.824702,8639.508886,8946.037958,8205.495506,9123.734739,8946.249369,9161.820291,6641.004458,9200.081845,8981.183326,9254.790796,7914.047754,9316.05888,9038.077693,9593.589441,10941.86747,9327.768128,9051.628137,9460.30278,9050.873988,9116.673575,9216.013816,10260.38117,9228.929209,8860.028179,8945.80341,9530.640122,8684.919849,8790.159162,9502.231584,9129.307633,9250.775585,9101.510185,9009.810788,8704.275196,9352.607598,9065.92416,8654.99293,9468.619891,9086.292534,8411.627622,8480.526084,8726.082369,9049.254688,8816.946466,8346.428422,8139.815869,8795.425216,8552.501199,8103.752881,7918.723897,7788.013115,9026.479066,8940.227318,9328.659427,8936.566156,8552.697746,8428.359979,8299.258939,8164.924462,8294.679185,9101.251307,9392.367207,8577.695944,8838.174014,8032.814206,8809.381442,7727.937101
"58",8020.038942,8890.326344,8895.435847,7231.828454,8295.515713,8946.555075,8716.159192,9039.633578,9549.956329,8673.332505,8951.143077,9048.934394,8309.143024,8802.782458,8723.025301,8573.286376,7698.247034,8504.108489,8602.936193,9495.726628,8981.563227,8779.1775,9147.609096,8635.335124,8922.203389,8204.307395,9108.242061,8946.893567,9154.670372,6638.859413,9192.78858,8976.649365,9251.45098,7913.498386,9323.097573,9026.482231,9578.937634,10961.67845,9334.471843,9055.260744,9449.743106,9043.684033,9116.807891,9210.70904,10261.31894,9203.757471,8861.129925,8940.105875,9545.059771,8676.255248,8798.436162,9504.631239,9124.323751,9259.537953,9100.129011,8991.52633,8702.90562,9354.511441,9051.527335,8628.289111,9474.080714,9100.613372,8384.77357,8514.246446,8743.971582,9062.725115,8810.997682,8353.51529,8146.569177,8802.360883,8562.817675,8110.577504,7906.789476,7792.060843,9028.880835,8946.035184,9346.089122,8951.64151,8568.282572,8459.075743,8325.840216,8158.946853,8280.866802,9120.194232,9412.67326,8570.587695,8849.891581,8053.59835,8831.361943,7755.002077
"59",7986.372274,8872.998672,8876.48895,7228.15113,8269.844971,8925.319106,8685.74281,9008.589079,9514.974313,8637.837247,8911.254964,9011.45056,8276.79211,8766.411504,8706.738075,8557.156696,7658.250832,8498.950205,8586.2149,9457.0717,8957.639775,8747.479315,9123.959875,8637.220984,8897.683835,8174.087112,9067.998108,8918.81497,9138.536088,6605.257185,9147.453257,8932.895058,9231.158622,7896.499024,9279.763436,9017.076787,9567.578529,10928.45155,9302.280626,9033.355483,9438.557493,9015.747696,9090.447498,9198.4476,10217.09701,9161.782005,8837.709893,8915.711261,9516.679085,8657.024363,8759.623269,9468.205364,9093.127725,9222.663153,9079.270728,8965.898865,8700.524834,9333.428814,9048.822743,8629.979092,9444.777221,9090.084933,8392.075301,8485.409146,8724.849952,9035.724526,8805.645594,8340.26259,8118.58309,8771.972105,8538.460179,8074.173496,7879.834847,7780.262831,9026.126536,8956.249278,9350.546572,8943.683044,8558.430367,8432.97565,8322.923361,8142.614786,8287.306637,9116.905202,9385.887336,8570.20144,8836.131839,8049.086376,8814.999795,7730.383854
"60",7999.983502,8840.958852,8864.431158,7220.102696,8262.106089,8929.322643,8700.256383,9019.65582,9504.12969,8651.510123,8920.940342,9006.510268,8295.356465,8783.961143,8695.593564,8565.522838,7681.513281,8485.962799,8588.367214,9449.084604,8982.658572,8773.675441,9126.043468,8620.80316,8903.776882,8179.096867,9090.509738,8926.195155,9144.7771,6582.79057,9159.574668,8952.279808,9224.36604,7893.149125,9279.76644,9020.413758,9555.108361,10935.48659,9316.953829,9041.667832,9446.746299,9016.743612,9078.15432,9205.782315,10246.96744,9194.12251,8848.259725,8937.454346,9522.948468,8670.742321,8779.912319,9473.568993,9099.138119,9232.437117,9088.612617,8990.019965,8704.793817,9325.074444,9034.145198,8637.920275,9478.140461,9087.696865,8379.735007,8497.50375,8724.91147,9076.238496,8815.105569,8355.8106,8128.248339,8795.676396,8549.144483,8097.339226,7894.044035,7805.313641,9029.395107,8952.080995,9360.288489,8964.300509,8576.62064,8452.983754,8322.738359,8158.065738,8304.259326,9110.541702,9426.287345,8583.244361,8843.31308,8066.437358,8833.520046,7743.938698